Model,Unit,Variable,Q1,Q2,Q3,Q4,name
ARMA11,%,GDP,-0.744468855,-0.811549548,-0.859184935,-0.893422978,Low
ARMA11,%,GDP,0.92413045,0.917868906,0.912566253,0.908075647,Baseline
ARMA11,%,GDP,2.592729756,2.64728736,2.68431744,2.709574271,High
DFM,%,GDP,-4.420807233,-1.947428893,-0.973026555,-0.520882887,Low
DFM,%,GDP,-3.820807233,-1.247428893,-0.173026555,0.379117113,Baseline
DFM,%,GDP,-3.220807233,-0.547428893,0.626973445,1.279117113,High
MF VAR,%,GDP,-6.479205018,-3.564973035,-2.421305589,-1.542656755,Low
MF VAR,%,GDP,-3.616234287,-1.186034922,0.084426723,0.988036189,Baseline
MF VAR,%,GDP,-0.691150136,1.124309314,2.459059964,3.299877483,High
