Model,Unit,Variable,Q1,Q2,Q3,Q4,name
ARMA11,%,GDP,0.92413045,0.917868906,0.912566253,0.908075647,Low
ARMA11,%,GDP,0.92413045,0.917868906,0.912566253,0.908075647,Baseline
ARMA11,%,GDP,0.92413045,0.917868906,0.912566253,0.908075647,High
DFM,%,GDP,-3.820807233,-1.247428893,-0.173026555,0.379117113,Low
DFM,%,GDP,-3.820807233,-1.247428893,-0.173026555,0.379117113,Baseline
DFM,%,GDP,-3.820807233,-1.247428893,-0.173026555,0.379117113,High
MF VAR,%,GDP,-4.426986215,-1.157260195,0.110007662,0.941360483,Low
MF VAR,%,GDP,-4.426986215,-1.157260195,0.110007662,0.941360483,Baseline
MF VAR,%,GDP,-4.426986215,-1.157260195,0.110007662,0.941360483,High
